Sample.ID,TA,Mass,Type
20181212_JUNK,2123.874429,59.2108,NA
20181212_CRM1,2206.1765,59.2683,NA
20181212_CRM2,2208.961606,59.2299,NA