"Sample.ID","TA","Mass","Type"
"20181205_JUNK",2138.00683886704,59.9189,NA
"20181205_1A",2135.63280063724,59.437,NA
"20181205_1B",2138.47314800104,59.445,NA
"20181205_2A",2142.02594084734,59.7984,NA
"20181205_2B",2141.35162219666,59.4786,NA
"20181205_3A",2115.36253105925,59.571,NA
"20181205_3B",2115.96329783298,59.4894,NA
"20181205_4A",2112.52590892,59.9602,NA
"20181205_4B",2110.38573404095,59.0636,NA
