"Sample.ID","TA","Mass","Type"
"20181205_JUNK",2957.62879636958,59.1495,NA
"20181205_CRM1",2252.2101374005,59.3071,NA
"20181205_CRM2",2247.11585487339,59.487,NA
