"Sample.ID","TA","Mass","Type"
"20181219_JUNK",2110.64775321127,60.091,NA
"20181219_1A",2013.65518485956,60.2324,NA
"20181219_1B",2009.64843516646,59.3514,NA
"20181219_2A",2009.07682109421,59.4953,NA
"20181219_2B",2003.71817411666,59.452,NA
"20181219_3A",1991.99365635989,60.524,NA
"20181219_3B",1999.84557808016,59.5237,NA
"20181219_4A",2007.27925204623,59.1018,NA
"20181219_4B",2007.87906752114,59.8317,NA
