"Sample.ID","TA","Mass","Type"
"20181119_JUNK",2141.68454804835,59.7332,NA
"20181119_CRM1",2242.29490714988,60.0357,NA
"20181119_CRM2",2242.19705125307,59.5327,NA
