"Sample.ID","TA","Mass","Type"
"20181128_JUNK",2131.19913190638,59.5517,NA
"20181128_CRM1",2246.42585073526,59.257,NA
"20181128_CRM2",2244.57535918864,59.3588,NA
