"Sample.ID","TA","Mass","Type"
"JUNK",2139.62772642262,59.2108,NA
"CRM1",2206.80967521857,59.2683,NA
"CRM2",2216.97608964328,59.2299,NA
