"Sample.ID","TA","Mass","Type"
"20190114_JUNK",2106.30789395356,60.0945,NA
"20190114_1A",2046.1332094419,59.204,NA
"20190114_1B",2014.89954253888,59.9458,NA
"20190114_4A",2011.51211388606,59.6229,NA
"20190114_4B",2009.85961274674,59.0973,NA
"20190114_5A",2023.47815158692,59.253,NA
"20190114_5B",2005.28030867693,59.656,NA
"20190114_6A",1964.34210737619,60.3232,NA
"20190114_6B",1957.95142615887,60.7782,NA
