"Sample.ID","TA","Mass","Type"
"20181116_JUNK",2123.75847007592,60.03,NA
"20181116_CRM1",2248.10582005887,59.4096,NA
"20181116_CRM2",2244.69793280756,59.192,NA
