"Sample.ID","TA","Mass","Type"
"20181107_JUNK",2119.43910612894,60.6675,NA
"20181107_CRM1",2252.67331944094,59.7529,NA
"20181107_CRM2",2252.10332016868,60.1326,NA
