"Sample.ID","TA","Mass","Type"
"20181107_4A",2106.21970731035,59.2658,NA
"20181107_4B",2096.86936877637,59.1847,NA
"20181107_3A",2099.55154469247,59.1809,NA
"20181107_3B",2095.2769905685,59.5565,NA
"20181107_2A",2086.35602540182,59.2827,NA
"20181107_2B",2087.04752779138,59.4807,NA
"20181107_1A",2088.5549166776,59.3975,NA
"20181107_1B",2087.66494075035,59.4143,NA
