"Sample.ID","TA","Mass","Type"
"20181112_JUNK",2127.64138172579,59.4948,NA
"20181112_CRM1",2257.61883639443,59.4355,NA
"20181112_CRM2",2290.51335741808,55.3889,NA
